{"cameraMode":{"drawMode":0,"name":"Shaded","section":"Shading Mode"},"sceneLighting":true,"audioPlay":false,"sceneViewState":{"m_AlwaysRefresh":false,"showFog":true,"showSkybox":true,"showFlares":true,"showImageEffects":true,"showParticleSystems":true,"showVisualEffectGraphs":true,"m_FxEnabled":true},"in2DMode":false,"pivot":{"x":868.463623046875,"y":368.9339599609375,"z":-2334.968994140625},"rotation":{"x":0.000373174058040604,"y":0.9996262192726135,"z":-0.01799532026052475,"w":0.020681114867329599},"size":2134.624267578125,"orthographic":false}