{"cameraMode":{"drawMode":0,"name":"Shaded","section":"Shading Mode"},"sceneLighting":true,"audioPlay":false,"sceneViewState":{"m_AlwaysRefresh":false,"showFog":true,"showSkybox":true,"showFlares":true,"showImageEffects":true,"showParticleSystems":true,"showVisualEffectGraphs":true,"m_FxEnabled":true},"in2DMode":false,"pivot":{"x":1070.9595947265625,"y":534.9533081054688,"z":3744.06787109375},"rotation":{"x":-0.0029998591635376217,"y":0.0021103229373693468,"z":0.0000071125182330433748,"w":0.9999959468841553},"size":2320.5126953125,"orthographic":false}